Gender,Procedure_1
m,P1
f,P2
m,P3
f,P5
m,P5
f,P6
m,P7
f,P8
m,P10
f,P10
m,P11
f,P12
m,P13
f,P13
m,P15
f,P16
m,P16
f,P18
m,P19
f,P23
m,P21
f,P22
m,P23
f,P24
m,P25
f,P26
m,P27
f,P28
m,P29
f,P30
m,P31
f,P32
m,P33
f,P34
m,P35
f,P36
m,P37
f,P38
m,P39
f,P40
m,P41
f,P42
m,P43
f,P44
m,P45
f,P46
m,P47
f,P48
m,P49
f,P50
m,P51
f,P52
m,P53
f,P54
m,P55
f,P56
m,P57
f,P58
m,P59
f,P60
m,P61
f,P62
m,P63
f,P64
m,P65
f,P66
m,P67
f,P68
m,P69
f,P70
m,P71
f,P72
m,P73
f,P74
m,P75
f,P76
m,P77
f,P78
m,P79
f,P80
m,P81
f,P82
m,P83
f,P84
m,P85
f,P86
m,P87
f,P88
m,P89
f,P90
m,P91
f,P92
m,P93
f,P94
m,P95
f,P96
m,P97
f,P98
m,P99
f,P100
