Procedure_1,Procedure_2
P1,PA
P2,PA2
P3,PA
P4,PA4
P5,PA
P6,PA6
P7,PA7
P8,PA8
P9,PA9
P10,PA10
P11,PA11
P12,PA12
P13,PA13
P14,PA14
P15,PA15
P16,PA16
P17,PA17
P18,PA18
P19,PA19
P20,PA20
P21,PA21
P22,PA22
P23,PA23
P24,PA24
P25,PA25
P26,PA26
P27,PA27
P28,PA28
P29,PA29
P30,PA30
P31,PA31
P32,PA32
P33,PA33
P34,PA34
P35,PA35
P36,PA36
P37,PA37
P38,PA38
P39,PA39
P40,PA40
P41,PA41
P42,PA42
P43,PA43
P44,PA44
P45,PA45
P46,PA46
P47,PA47
P48,PA48
P49,PA49
P50,PA50
P51,PA51
P52,PA52
P53,PA53
P54,PA54
P55,PA55
P56,PA56
P57,PA57
P58,PA58
P59,PA59
P60,PA60
P61,PA61
P62,PA62
P63,PA63
P64,PA64
P65,PA65
P66,PA66
P67,PA67
P68,PA68
P69,PA69
P70,PA70
P71,PA71
P72,PA7
P73,PA73
P74,PA74
P75,PA75
P76,PA76
P77,PA77
P78,PA78
P79,PA79
P80,PA80
P81,PA81
P82,PA82
P83,PA83
P84,PA84
P85,PA85
P86,PA86
P87,PA87
P88,PA88
P89,PA89
P90,PA90
P91,PA91
P92,PA92
P93,PA93
P94,PA94
P95,PA95
P96,PA96
P97,PA97
P98,PA98
P99,PA99
